<?xml version="1.0" encoding="utf-8"?>
<extension type="component" method="upgrade">
    <name>COM_VDB</name>
    <creationDate>January 2014</creationDate>
    <author>Saltmedia</author>
    <authorEmail>admin@saltmedia.ca</authorEmail>
    <authorUrl>http://www.saltmedia.ca</authorUrl>
    <copyright>All rights reserved by Saltmedia Inc.</copyright>
    <license>GPL 2.0</license>
    <version>1</version>
    <description><![CDATA[
<style> .about_vdb td { padding:5px!important; font-family: Century Gothic !important; font-weight: normal !important; font-size: 13px !important ; }</style><table class="about_vdb" align="left" style="width:550px !important;background-color:#F9F1F1;border:1px solid silver;"> <tr align="left" style="font-size: 16px;"> <td align="left" style="width: 15%;border-bottom: 1px solid silver;"> <img alt="VDB" src="components/com_vdb/images/vdb_logo.png" style="height:75px;width:75px;border:1px black solid;"/> </td> <td align="left" style="padding-left:0px !important; border-bottom: 1px solid silver; vertical-align: middle;"> <div style="text-transform:uppercase ;font-weight:bold;font-size: 18px;color: rgb(103,103,251);">VDB</div> <div> Current Version 1 </div> <div> <a style="" href="http://www.saltmedia.ca" target="_new"> Check About Update </a> </div> </td> </tr> <tr style=" font-family:verdana !important; font-size:16px !important; "> <td colspan="2" align="left" style="margin-top:10px !important;border-bottom: 1px solid silver;"> You have any query or problem then please contact us at <a href="http://www.saltmedia.ca" target="_new">Saltmedia</a> </td> </tr> <tr style="font-family:verdana !important;font-size:16px !important;text-align: left"> <td align="left" colspan="2"> CopyRight &copy; 2013 - 2014 <a href="http://www.saltmedia.ca" target="_new">Saltmedia</a> </td> </tr></table>
		]]>
    </description>

    <install> <!-- Runs on install -->
        <sql>
            <file driver="mysql" charset="utf8">sql/install.sql</file>
        </sql>
    </install>
    <uninstall> <!-- Runs on uninstall -->
        <sql>
            <file driver="mysql" charset="utf8">sql/uninstall.sql</file>
        </sql>
    </uninstall>



    <files folder="site">
        <filename>vdb.php</filename>
        <filename>index.html</filename>
        <filename>controller.php</filename>
        <filename>controllers/vdb.php</filename>

        <filename>models/vdb.php</filename>
        <filename>models/index.html</filename>
        <filename>scripts/jquery.easing.1.3.js</filename>
        <filename>scripts/jquery-1.4.min.js</filename>

        <folder>views</folder>



    </files>


    <administration>

        <menu>COM_VDB</menu>
        <submenu>
            <menu img="components/com_vdb/images/configuration.png" link="option=com_vdb&amp;controller=configuration">COM_VDB_CONFIG</menu>
            <menu img="components/com_vdb/images/categories.png" link="option=com_vdb&amp;controller=categories">COM_VDB_CAT</menu>
            <menu img="components/com_vdb/images/vdb.png" link="option=com_vdb">COM_VDB</menu>
            <menu img="components/com_vdb/images/vdb.png" link="option=com_vdb&amp;view=about_vdb">COM_VDB_ABOUT</menu>

        </submenu>

        <files folder="admin">

            <filename>vdb.php</filename>
            <filename>index.html</filename>
            <filename>controller.php</filename>
            <folder>controllers</folder>
			<folder>models</folder>
			<folder>images</folder>
			<folder>views</folder>
			<folder>tables</folder>
            <filename>sql/install.sql</filename>
            <filename>sql/uninstall.sql</filename>
            <folder>language</folder>
        </files>
        <languages folder="admin">
            <language tag="en-GB">language/en-GB/en-GB.com_vdb.ini</language>
            <language tag="en-GB">language/en-GB/en-GB.com_vdb.sys.ini</language>
        </languages>
    </administration>

</extension>